<?xml version="1.0" encoding="UTF-8"?>
<GenRun Id="impl_1" LaunchPart="xc7a35tcpg236-1" LaunchTime="1512641693">
  <File Type="PWROPT-DRC" Name="basys3_wrapper_drc_pwropted.rpt"/>
  <File Type="OPT-METHODOLOGY-DRC" Name="basys3_wrapper_methodology_drc_opted.rpt"/>
  <File Type="INIT-TIMING" Name="basys3_wrapper_timing_summary_init.rpt"/>
  <File Type="ROUTE-PWR-RPX" Name="basys3_wrapper_power_routed.rpx"/>
  <File Type="PA-TCL" Name="basys3_wrapper.tcl"/>
  <File Type="OPT-HWDEF" Name="basys3_wrapper.hwdef"/>
  <File Type="RDI-RDI" Name="basys3_wrapper.vdi"/>
  <File Type="OPT-DCP" Name="basys3_wrapper_opt.dcp"/>
  <File Type="OPT-DRC" Name="basys3_wrapper_drc_opted.rpt"/>
  <File Type="OPT-TIMING" Name="basys3_wrapper_timing_summary_opted.rpt"/>
  <File Type="PWROPT-DCP" Name="basys3_wrapper_pwropt.dcp"/>
  <File Type="PWROPT-TIMING" Name="basys3_wrapper_timing_summary_pwropted.rpt"/>
  <File Type="PLACE-DCP" Name="basys3_wrapper_placed.dcp"/>
  <File Type="PLACE-IO" Name="basys3_wrapper_io_placed.rpt"/>
  <File Type="PLACE-CLK" Name="basys3_wrapper_clock_utilization_placed.rpt"/>
  <File Type="PLACE-UTIL" Name="basys3_wrapper_utilization_placed.rpt"/>
  <File Type="PLACE-UTIL-PB" Name="basys3_wrapper_utilization_placed.pb"/>
  <File Type="PLACE-CTRL" Name="basys3_wrapper_control_sets_placed.rpt"/>
  <File Type="PLACE-SIMILARITY" Name="basys3_wrapper_incremental_reuse_placed.rpt"/>
  <File Type="PLACE-PRE-SIMILARITY" Name="basys3_wrapper_incremental_reuse_pre_placed.rpt"/>
  <File Type="PLACE-TIMING" Name="basys3_wrapper_timing_summary_placed.rpt"/>
  <File Type="POSTPLACE-PWROPT-DCP" Name="basys3_wrapper_postplace_pwropt.dcp"/>
  <File Type="POSTPLACE-PWROPT-TIMING" Name="basys3_wrapper_timing_summary_postplace_pwropted.rpt"/>
  <File Type="PHYSOPT-DCP" Name="basys3_wrapper_physopt.dcp"/>
  <File Type="PHYSOPT-DRC" Name="basys3_wrapper_drc_physopted.rpt"/>
  <File Type="PHYSOPT-TIMING" Name="basys3_wrapper_timing_summary_physopted.rpt"/>
  <File Type="ROUTE-ERROR-DCP" Name="basys3_wrapper_routed_error.dcp"/>
  <File Type="ROUTE-DCP" Name="basys3_wrapper_routed.dcp"/>
  <File Type="ROUTE-BLACKBOX-DCP" Name="basys3_wrapper_routed_bb.dcp"/>
  <File Type="ROUTE-DRC" Name="basys3_wrapper_drc_routed.rpt"/>
  <File Type="ROUTE-DRC-PB" Name="basys3_wrapper_drc_routed.pb"/>
  <File Type="BG-BIN" Name="basys3_wrapper.bin"/>
  <File Type="ROUTE-DRC-RPX" Name="basys3_wrapper_drc_routed.rpx"/>
  <File Type="BG-DRC" Name="basys3_wrapper.drc"/>
  <File Type="ROUTE-METHODOLOGY-DRC" Name="basys3_wrapper_methodology_drc_routed.rpt"/>
  <File Type="BITSTR-MSK" Name="basys3_wrapper.msk"/>
  <File Type="ROUTE-METHODOLOGY-DRC-RPX" Name="basys3_wrapper_methodology_drc_routed.rpx"/>
  <File Type="BG-BGN" Name="basys3_wrapper.bgn"/>
  <File Type="ROUTE-METHODOLOGY-DRC-PB" Name="basys3_wrapper_methodology_drc_routed.pb"/>
  <File Type="ROUTE-PWR" Name="basys3_wrapper_power_routed.rpt"/>
  <File Type="ROUTE-PWR-SUM" Name="basys3_wrapper_power_summary_routed.pb"/>
  <File Type="ROUTE-STATUS" Name="basys3_wrapper_route_status.rpt"/>
  <File Type="ROUTE-STATUS-PB" Name="basys3_wrapper_route_status.pb"/>
  <File Type="ROUTE-TIMINGSUMMARY" Name="basys3_wrapper_timing_summary_routed.rpt"/>
  <File Type="ROUTE-TIMING-PB" Name="basys3_wrapper_timing_summary_routed.pb"/>
  <File Type="ROUTE-TIMING-RPX" Name="basys3_wrapper_timing_summary_routed.rpx"/>
  <File Type="ROUTE-SIMILARITY" Name="basys3_wrapper_incremental_reuse_routed.rpt"/>
  <File Type="ROUTE-CLK" Name="basys3_wrapper_clock_utilization_routed.rpt"/>
  <File Type="POSTROUTE-PHYSOPT-DCP" Name="basys3_wrapper_postroute_physopt.dcp"/>
  <File Type="POSTROUTE-PHYSOPT-BLACKBOX-DCP" Name="basys3_wrapper_postroute_physopt_bb.dcp"/>
  <File Type="POSTROUTE-PHYSOPT-TIMING" Name="basys3_wrapper_timing_summary_postroute_physopted.rpt"/>
  <File Type="POSTROUTE-PHYSOPT-TIMING-PB" Name="basys3_wrapper_timing_summary_postroute_physopted.pb"/>
  <File Type="POSTROUTE-PHYSOPT-TIMING-RPX" Name="basys3_wrapper_timing_summary_postroute_physopted.rpx"/>
  <File Type="BG-BIT" Name="basys3_wrapper.bit"/>
  <File Type="BITSTR-RBT" Name="basys3_wrapper.rbt"/>
  <File Type="BITSTR-NKY" Name="basys3_wrapper.nky"/>
  <File Type="BITSTR-BMM" Name="basys3_wrapper_bd.bmm"/>
  <File Type="BITSTR-MMI" Name="basys3_wrapper.mmi"/>
  <File Type="BITSTR-SYSDEF" Name="basys3_wrapper.sysdef"/>
  <File Type="WBT-USG" Name="usage_statistics_webtalk.html"/>
  <FileSet Name="sources" Type="DesignSrcs" RelSrcDir="$PSRCDIR/sources_1">
    <Filter Type="Srcs"/>
    <File Path="$PSRCDIR/sources_1/new/ALUController.sv">
      <FileInfo>
        <Attr Name="UsedIn" Val="synthesis"/>
        <Attr Name="UsedIn" Val="implementation"/>
        <Attr Name="UsedIn" Val="simulation"/>
      </FileInfo>
    </File>
    <File Path="$PSRCDIR/sources_1/new/Controller.sv">
      <FileInfo>
        <Attr Name="UsedIn" Val="synthesis"/>
        <Attr Name="UsedIn" Val="implementation"/>
        <Attr Name="UsedIn" Val="simulation"/>
      </FileInfo>
    </File>
    <File Path="$PSRCDIR/sources_1/new/RISC_V.sv">
      <FileInfo>
        <Attr Name="UsedIn" Val="synthesis"/>
        <Attr Name="UsedIn" Val="implementation"/>
        <Attr Name="UsedIn" Val="simulation"/>
      </FileInfo>
    </File>
    <File Path="$PSRCDIR/sources_1/new/alu.sv">
      <FileInfo>
        <Attr Name="UsedIn" Val="synthesis"/>
        <Attr Name="UsedIn" Val="implementation"/>
        <Attr Name="UsedIn" Val="simulation"/>
      </FileInfo>
    </File>
    <File Path="$PSRCDIR/sources_1/new/datamemory.sv">
      <FileInfo>
        <Attr Name="UsedIn" Val="synthesis"/>
        <Attr Name="UsedIn" Val="implementation"/>
        <Attr Name="UsedIn" Val="simulation"/>
      </FileInfo>
    </File>
    <File Path="$PSRCDIR/sources_1/new/datapath.sv">
      <FileInfo>
        <Attr Name="UsedIn" Val="synthesis"/>
        <Attr Name="UsedIn" Val="implementation"/>
        <Attr Name="UsedIn" Val="simulation"/>
      </FileInfo>
    </File>
    <File Path="$PSRCDIR/sources_1/new/imm_Gen.sv">
      <FileInfo>
        <Attr Name="UsedIn" Val="synthesis"/>
        <Attr Name="UsedIn" Val="implementation"/>
        <Attr Name="UsedIn" Val="simulation"/>
      </FileInfo>
    </File>
    <File Path="$PPRDIR/../../Desktop/Lab9-master/instructionmemory.sv">
      <FileInfo>
        <Attr Name="UsedIn" Val="synthesis"/>
        <Attr Name="UsedIn" Val="implementation"/>
        <Attr Name="UsedIn" Val="simulation"/>
      </FileInfo>
    </File>
    <File Path="$PSRCDIR/sources_1/new/mux2.sv">
      <FileInfo>
        <Attr Name="UsedIn" Val="synthesis"/>
        <Attr Name="UsedIn" Val="implementation"/>
        <Attr Name="UsedIn" Val="simulation"/>
      </FileInfo>
    </File>
    <File Path="$PSRCDIR/sources_1/new/regfile.sv">
      <FileInfo>
        <Attr Name="UsedIn" Val="synthesis"/>
        <Attr Name="UsedIn" Val="implementation"/>
        <Attr Name="UsedIn" Val="simulation"/>
      </FileInfo>
    </File>
    <File Path="$PPRDIR/../../Desktop/Lab9-master/seg_display.sv">
      <FileInfo>
        <Attr Name="UsedIn" Val="synthesis"/>
        <Attr Name="UsedIn" Val="implementation"/>
        <Attr Name="UsedIn" Val="simulation"/>
      </FileInfo>
    </File>
    <File Path="$PPRDIR/../../Desktop/Lab9-master/basys3_wrapper.sv">
      <FileInfo>
        <Attr Name="UsedIn" Val="synthesis"/>
        <Attr Name="UsedIn" Val="implementation"/>
        <Attr Name="UsedIn" Val="simulation"/>
      </FileInfo>
    </File>
    <Config>
      <Option Name="DesignMode" Val="RTL"/>
      <Option Name="TopModule" Val="basys3_wrapper"/>
      <Option Name="TopAutoSet" Val="TRUE"/>
    </Config>
  </FileSet>
  <FileSet Name="constrs_in" Type="Constrs" RelSrcDir="$PSRCDIR/constrs_1">
    <Filter Type="Constrs"/>
    <File Path="$PPRDIR/../../Desktop/Lab9-master/const1.xdc">
      <FileInfo>
        <Attr Name="UsedIn" Val="synthesis"/>
        <Attr Name="UsedIn" Val="implementation"/>
      </FileInfo>
    </File>
    <Config>
      <Option Name="ConstrsType" Val="XDC"/>
    </Config>
  </FileSet>
  <Strategy Version="1" Minor="2">
    <StratHandle Name="Vivado Implementation Defaults" Flow="Vivado Implementation 2017"/>
    <Step Id="init_design"/>
    <Step Id="opt_design"/>
    <Step Id="power_opt_design"/>
    <Step Id="place_design"/>
    <Step Id="post_place_power_opt_design"/>
    <Step Id="phys_opt_design"/>
    <Step Id="route_design"/>
    <Step Id="post_route_phys_opt_design"/>
    <Step Id="write_bitstream"/>
  </Strategy>
</GenRun>
